Patient ID,GLCM_sumVar2,GLCM_sumSquares2
brain1,108.73139,30534.29998
brain2,42.31745,12699.43735
breast1,1.16961,4.568311
lung1,58.7475,21469.9233
lung2,28.33997,29646.01707
