Patient ID,GLCM_sumVar2,GLCM_sumSquares2,GLCM_sumSquares
brain1,108.73139,30534.29998,309.94913730661409
brain2,42.31745,12699.43735,256.62435344900643
breast1,1.16961,4.568311,3.6001912723383791
lung1,58.7475,21469.9233,438.81359815616156
lung2,28.33997,29646.01707,1258.6463848029512
