Patient ID,GLCM_sumVar2,GLCM_sumSquares2,GLCM_sumSquares,Shape_compactness2,Shape_maxDiameter2Dx,Shape_maxDiameter2Dy,Shape_maxDiameter2Dz,Shape_Elongation,Shape_Flatness,Shape_Roundness,Stats_InterquartileRange,Stats_10Percentile,Stats_90Percentile,Stats_RobustMeanAbsoluteDeviation
brain1,108.73139,30534.29998,309.94913730661409,0.11412770190085324,44.548790405155785,61.580176713472497,47.218791363317422,1.7789885567018646,1.2191850589688906,0.6146906661500379,253.0,632.0,1044.4,103.00138343026681
brain2,42.31745,12699.43735,256.62435344900643,0.45448842446195398,18.584714191036138,14.779664291265204,15.566295972790055,1.349948284872931,1.1970744957871127,1.0348881179911384,97.0,305.2,532.6,44.018676959200739
breast1,1.16961,4.568311,3.6001912723383791,0.38380439201415378,5.3539199187231024,7.3046819999999997,7.7726464321122961,1.428604469589498,1.0230321043228239,0.8556418393749154,30.0,110.2,151.8,11.083091863105961
lung1,58.7475,21469.9233,438.81359815616156,0.43779658729410265,16.044440540748841,13.537563480922259,15.978930906357792,1.391224926978379,1.3975132116992457,1.031094246578549,198.0,-245.4,71.0,81.580905349794236
lung2,28.33997,29646.01707,1258.6463848029512,0.30580544578561908,61.55885055061254,57.721196463628289,55.235955786717156,1.3452677171012322,1.3057448083030267,0.8768796050137607,30.0,-102.0,60.7,19.669786252104565
