Patient ID,GLCM_sumVar2,GLCM_sumSquares2,GLCM_sumSquares,Shape_compactness2,Shape_maxDiameter2Dx,Shape_maxDiameter2Dy,Shape_maxDiameter2Dz
brain1,108.73139,30534.29998,309.94913730661409,0.11412770190085324,44.548790405155785,61.580176713472497,47.218791363317422
brain2,42.31745,12699.43735,256.62435344900643,0.45448842446195398,18.584714191036138,14.779664291265204,15.566295972790055
breast1,1.16961,4.568311,3.6001912723383791,0.38380439201415378,5.3539199187231024,7.3046819999999997,7.7726464321122961
lung1,58.7475,21469.9233,438.81359815616156,0.43779658729410265,16.044440540748841,13.537563480922259,15.978930906357792
lung2,28.33997,29646.01707,1258.6463848029512,0.30580544578561908,61.55885055061254,57.721196463628289,55.235955786717156
