Patient ID,GLCM_sumVar2,GLCM_sumSquares2,GLCM_sumSquares,Shape_compactness2
brain1,108.73139,30534.29998,309.94913730661409,0.11412770190085324
brain2,42.31745,12699.43735,256.62435344900643,0.45448842446195398
breast1,1.16961,4.568311,3.6001912723383791,0.38380439201415378
lung1,58.7475,21469.9233,438.81359815616156,0.43779658729410265
lung2,28.33997,29646.01707,1258.6463848029512,0.30580544578561908
